code,system
H33z200,readv2
8H2P.00,readv2
H330.14,readv2
H33zz00,readv2
H331.11,readv2
H47y000,readv2
H33z000,readv2
H33..11,readv2
H332.00,readv2
1O2..00,readv2
H330.12,readv2
173d.00,readv2
H333.00,readv2
H33zz11,readv2
H33z.00,readv2
H334.00,readv2
H33z011,readv2
H33z100,readv2
H33z111,readv2
H330111,readv2
H330000,readv2
H330.00,readv2
H330100,readv2
H330z00,readv2
H330011,readv2
H330.13,readv2
2126200,readv2
212G.00,readv2
H331100,readv2
H331000,readv2
H331.00,readv2
H331111,readv2
H331z00,readv2
H33zz12,readv2
H330.11,readv2
H312000,readv2
H312011,readv2